{"mean_values": [0.49893042803853677, 0.27417331991153554, -0.026367042373232095, 0.9991160892369522, 0.5043920493678783, 0.3252276123997792, 0.0011185721378969905, 0.999362980948418, 0.4943052062898179, 0.3259742924898588, 0.006712455328354076, 0.9995820335344849, 0.5041171699193431, 0.5592449945390837, -0.0013576750818489215, 0.9986135413905772, 0.4963864675844731, 0.558782186160412, 0.0013120094047467479, 0.9984499357092496, 0.49037338618470516, 0.694343781974279, -0.0057762355584873104, 0.8450274575273142, 0.5083727885154968, 0.6949281023642351, -0.005533621179045363, 0.8539441056947059, 0.48465346336561677, 0.8297728906206447, 0.039876176011543266, 0.8978072014657197, 0.5156190388371445, 0.8318770086761399, 0.03391412735596914, 0.9050689708446966, 0.48446762466067433, 0.8477415721428921, 0.04241866713958305, 0.9078489688071162, 0.5159398766699799, 0.8510511462408171, 0.03632640756593975, 0.9056966151281776, 0.4804804325541386, 0.8719476551524985, -0.0013226639658690201, 0.9277568471275037, 0.5190439481162985, 0.8742597254683326, -0.004495774474229566, 0.9211936757153274], "var_values": [0.013822948244636557, 0.020631849634836736, 0.00535792758205523, 1.0979239999687471e-05, 0.007972205154568108, 0.016949657730966097, 0.02594882625900716, 2.551262079754007e-06, 0.008129641617223547, 0.01713798534707621, 0.029832114777595824, 7.27188700674875e-07, 0.005855041272543902, 0.011811891269146203, 0.010459164493544316, 1.1931042193874362e-05, 0.005941186175806338, 0.01190769801073542, 0.010459367598518158, 7.389702159340195e-06, 0.00981642067099586, 0.007559341641684141, 0.015122789929496562, 0.059471267935046104, 0.009612840388384508, 0.008087415992638878, 0.018913186974144194, 0.05451086738164718, 0.01311402787695791, 0.0035382277969068896, 0.02872178229032791, 0.03331277942642247, 0.012942687945922418, 0.003805749701560985, 0.02315956104100461, 0.03094681335860293, 0.013559040371317397, 0.00463689390824807, 0.030761588824601487, 0.02023080590898558, 0.01324556547133591, 0.004836709974631595, 0.023871174081939037, 0.020335674496932143, 0.018594415582092745, 0.0035144460551247416, 0.03588000595274408, 0.013191358050123224, 0.01842200495953043, 0.003852060775535806, 0.029676084164295322, 0.01736589531178454]}