{"mean_values": [0.5601791870195326, 0.5486099116257892, -0.33453109339636045, 0.9989448041339551, 0.5368506534964093, 0.505844807760282, -0.11157372050329586, 0.9998882061316947, 0.5038596529452023, 0.5143487767493429, -0.30498964664832234, 0.9998171760523615, 0.5302365206043459, 0.5672262452296482, -0.014687116235597559, 0.4976559140351947, 0.4715112955424904, 0.5859362436535437, -0.3597001758281888, 0.8389886785385401, 0.5427524008103146, 0.6758330827655871, 0.00944713627066163, 0.5898582579326659, 0.48492263102026517, 0.7118936022820551, -0.41873890470183256, 0.8759198555743759, 0.44119812443482975, 0.5573976807419426, 0.06563974749990825, 0.9998737302077704, 0.42283513470868433, 0.5654608329588716, -0.0658371255007792, 0.9999192365068049, 0.38798539275842264, 0.6265130280093714, 0.2551238140005304, 0.319183938962062, 0.3589454305412109, 0.6414246607171602, 0.033887562690903324, 0.7199371174570272, 0.350810629077071, 0.5280351235477392, 0.5120010579583714, 0.46793310703563007, 0.3359433037444395, 0.5274116217412732, 0.2787370514704303, 0.6968015389777031, 0.349445967981207, 0.5035133682930273, 0.5366775406407763, 0.5924682222366003, 0.3382455547636544, 0.502110249493733, 0.3072052861177424, 0.71341631766913, 0.3291270171045826, 0.5351279194751555, 0.5262716789046795, 0.5676503452830839, 0.313740120250597, 0.5336061765031874, 0.3021386274519297, 0.7012405945598578], "var_values": [0.0425183838803593, 0.01228818999960039, 0.07624200764250938, 2.7508515851426572e-05, 0.023181040198674164, 0.006726694275776198, 0.08752755669380141, 4.2198748679708714e-08, 0.024793352139017334, 0.007215726349824184, 0.06894198953015607, 2.0386691118654906e-07, 0.018473147040265665, 0.0022151187229578952, 0.1276468563719328, 0.16589619199614206, 0.019365050339947745, 0.0022970012645301117, 0.1145451094713713, 0.11418315037712574, 0.021939582886977674, 0.004219137307619471, 0.17570278547447618, 0.152183108535975, 0.024030091293619497, 0.003564313988433203, 0.17002416814712618, 0.07913924151150059, 0.003366575397061178, 0.0030130416091861054, 0.010595425717663724, 8.328515178555924e-08, 0.002977905633045332, 0.003221173738836189, 0.01059465063341668, 5.948546543800991e-08, 0.010192353061167229, 0.0024997490363437317, 0.037758157375153395, 0.09461503093119952, 0.009037747634173462, 0.0028016329139649173, 0.05574329452002436, 0.15689144976991595, 0.024546045490874194, 0.004125987682262169, 0.100881439185855, 0.10940999690229371, 0.02340172021688694, 0.004399777469248832, 0.1324220520349305, 0.15214652576603402, 0.02631054073416486, 0.004431396276736956, 0.11067686176380606, 0.11079196339983872, 0.02575193258207416, 0.004832001174743745, 0.14270604485462549, 0.13343598066413878, 0.03571756386141186, 0.009211370284677292, 0.12032941748423241, 0.11380175429626951, 0.03427684242316854, 0.010213076652282696, 0.1512190139916646, 0.14640405666146036]}